mes,cliente_id,categoria,kilos_presupuesto,valor_presupuesto
2025-01,C017,CARNES FRIAS,8.177,254680
2025-01,C017,CARNES MADURADAS,3.732,369290
2025-01,C017,QUESO PARMESANO,7.039,347190
2025-01,C017,QUESOS ANALOGOS,3.022,88950
2025-01,C017,QUESOS FRESCOS,7.554,262640
2025-01,C017,QUESOS MADURADOS,1.45,115320
2025-01,C010,CARNES MADURADAS,8.244,739810
2025-01,C010,QUESOS MADURADOS,126.939,8214620
2025-01,C011,CARNES MADURADAS,8.064,723960
2025-01,C011,QUESOS MADURADOS,98.235,6285920
2025-01,C016,CARNES FRIAS,57.484,1746140
2025-01,C016,CARNES MADURADAS,32.539,3021650
2025-01,C016,QUESO PARMESANO,34.376,1688420
2025-01,C016,QUESOS ANALOGOS,66.214,1592990
2025-01,C016,QUESOS FRESCOS,73.179,2360910
2025-01,C016,QUESOS MADURADOS,106.943,7817760
2025-01,C001,CARNES FRIAS,100.036,3054760
2025-01,C001,CARNES MADURADAS,58.925,5613320
2025-01,C001,QUESO PARMESANO,63.27,3114790
2025-01,C001,QUESOS ANALOGOS,132.984,3147080
2025-01,C001,QUESOS FRESCOS,141.974,4581690
2025-01,C001,QUESOS MADURADOS,271.207,20031200
2025-01,C003,CARNES FRIAS,73.431,2233280
2025-01,C003,CARNES MADURADAS,32.209,3029120
2025-01,C003,QUESO PARMESANO,72.187,3564790
2025-01,C003,QUESOS ANALOGOS,100.302,2453400
2025-01,C003,QUESOS FRESCOS,83.264,2758330
2025-01,C003,QUESOS MADURADOS,140.036,10326890
2025-01,C014,CARNES FRIAS,87.162,2628310
2025-01,C014,CARNES MADURADAS,34.179,3221170
2025-01,C014,QUESO PARMESANO,52.568,2590740
2025-01,C014,QUESOS ANALOGOS,93.785,2196630
2025-01,C014,QUESOS FRESCOS,129.23,4222060
2025-01,C014,QUESOS MADURADOS,185.091,13732710
2025-01,C002,CARNES FRIAS,62.72,1913600
2025-01,C002,CARNES MADURADAS,42.492,4044110
2025-01,C002,QUESO PARMESANO,58.068,2846020
2025-01,C002,QUESOS ANALOGOS,86.224,2131470
2025-01,C002,QUESOS FRESCOS,118.379,3804850
2025-01,C002,QUESOS MADURADOS,125.264,9224110
2025-01,C018,CARNES FRIAS,126.204,3672020
2025-01,C018,CARNES MADURADAS,13.388,1203030
2025-01,C018,QUESO PARMESANO,88.742,4174250
2025-01,C018,QUESOS ANALOGOS,287.306,7220070
2025-01,C018,QUESOS FRESCOS,196.833,6152600
2025-01,C004,CARNES FRIAS,186.778,5430520
2025-01,C004,CARNES MADURADAS,16.016,1421070
2025-01,C004,QUESO PARMESANO,113.768,5387750
2025-01,C004,QUESOS ANALOGOS,416.797,10269970
2025-01,C004,QUESOS FRESCOS,308.072,9526090
2025-01,C005,CARNES FRIAS,127.401,3705880
2025-01,C005,CARNES MADURADAS,18.36,1621660
2025-01,C005,QUESO PARMESANO,116.859,5476350
2025-01,C005,QUESOS ANALOGOS,361.121,8951590
2025-01,C005,QUESOS FRESCOS,235.838,7395120
2025-01,C006,CARNES FRIAS,82.405,2381080
2025-01,C006,CARNES MADURADAS,11.909,1069650
2025-01,C006,QUESO PARMESANO,65.329,3130720
2025-01,C006,QUESOS ANALOGOS,221.386,5500430
2025-01,C006,QUESOS FRESCOS,179.645,5542520
2025-01,C007,CARNES FRIAS,672.942,19137650
2025-01,C007,CARNES MADURADAS,205.349,18171410
2025-01,C007,QUESOS ANALOGOS,455.098,8766840
2025-01,C007,QUESOS FRESCOS,354.055,9883760
2025-01,C007,QUESOS MADURADOS,323.631,19277550
2025-01,C008,CARNES FRIAS,543.424,15685160
2025-01,C008,CARNES MADURADAS,157.154,13898470
2025-01,C008,QUESOS ANALOGOS,420.204,7912800
2025-01,C008,QUESOS FRESCOS,298.666,8354740
2025-01,C008,QUESOS MADURADOS,264.131,15722950
2025-01,C009,CARNES FRIAS,449.827,12920840
2025-01,C009,CARNES MADURADAS,151.329,13335260
2025-01,C009,QUESOS ANALOGOS,346.246,6653120
2025-01,C009,QUESOS FRESCOS,322.627,9129290
2025-01,C009,QUESOS MADURADOS,246.673,14663780
2025-01,C012,CARNES MADURADAS,12.059,1201820
2025-01,C012,QUESOS MADURADOS,43.707,3366000
2025-01,C013,CARNES MADURADAS,9.609,931500
2025-01,C013,QUESOS MADURADOS,35.751,2780580
2025-01,C015,CARNES FRIAS,17.78,545600
2025-01,C015,CARNES MADURADAS,4.315,409420
2025-01,C015,QUESO PARMESANO,13.621,667780
2025-01,C015,QUESOS ANALOGOS,7.221,211900
2025-01,C015,QUESOS FRESCOS,16.612,570300
2025-02,C017,CARNES FRIAS,7.62,236390
2025-02,C017,CARNES MADURADAS,3.661,361410
2025-02,C017,QUESO PARMESANO,4.693,235320
2025-02,C017,QUESOS ANALOGOS,4.092,120160
2025-02,C017,QUESOS FRESCOS,7.378,251010
2025-02,C017,QUESOS MADURADOS,1.405,110390
2025-02,C010,CARNES MADURADAS,8.723,790680
2025-02,C010,QUESOS MADURADOS,128.329,8296720
2025-02,C011,CARNES MADURADAS,6.676,591410
2025-02,C011,QUESOS MADURADOS,102.753,6493310
2025-02,C016,CARNES FRIAS,59.232,1802220
2025-02,C016,CARNES MADURADAS,29.635,2792420
2025-02,C016,QUESO PARMESANO,51.361,2537670
2025-02,C016,QUESOS ANALOGOS,73.022,1838940
2025-02,C016,QUESOS FRESCOS,99.603,3210650
2025-02,C016,QUESOS MADURADOS,91.718,6678090
2025-02,C001,CARNES FRIAS,110.068,3320670
2025-02,C001,CARNES MADURADAS,58.985,5489190
2025-02,C001,QUESO PARMESANO,94.522,4660340
2025-02,C001,QUESOS ANALOGOS,113.415,2734780
2025-02,C001,QUESOS FRESCOS,202.313,6411870
2025-02,C001,QUESOS MADURADOS,272.272,20170890
2025-02,C003,CARNES FRIAS,71.127,2145590
2025-02,C003,CARNES MADURADAS,41.676,3929620
2025-02,C003,QUESO PARMESANO,47.753,2361390
2025-02,C003,QUESOS ANALOGOS,70.945,1699050
2025-02,C003,QUESOS FRESCOS,109.433,3469730
2025-02,C003,QUESOS MADURADOS,107.322,7840430
2025-02,C014,CARNES FRIAS,67.855,2087690
2025-02,C014,CARNES MADURADAS,46.26,4365640
2025-02,C014,QUESO PARMESANO,46.425,2325210
2025-02,C014,QUESOS ANALOGOS,103.422,2464470
2025-02,C014,QUESOS FRESCOS,113.662,3663850
2025-02,C014,QUESOS MADURADOS,174.143,12857370
2025-02,C002,CARNES FRIAS,78.906,2419800
2025-02,C002,CARNES MADURADAS,41.901,3917520
2025-02,C002,QUESO PARMESANO,53.043,2594970
2025-02,C002,QUESOS ANALOGOS,111.106,2587060
2025-02,C002,QUESOS FRESCOS,129.989,4293600
2025-02,C002,QUESOS MADURADOS,113.173,8312180
2025-02,C018,CARNES FRIAS,117.731,3448160
2025-02,C018,CARNES MADURADAS,16.325,1443420
2025-02,C018,QUESO PARMESANO,87.915,4134320
2025-02,C018,QUESOS ANALOGOS,301.472,7513920
2025-02,C018,QUESOS FRESCOS,224.909,6991500
2025-02,C004,CARNES FRIAS,122.855,3598160
2025-02,C004,CARNES MADURADAS,23.625,2098920
2025-02,C004,QUESO PARMESANO,123.74,5868920
2025-02,C004,QUESOS ANALOGOS,381.299,9531820
2025-02,C004,QUESOS FRESCOS,238.319,7644780
2025-02,C005,CARNES FRIAS,121.461,3526720
2025-02,C005,CARNES MADURADAS,17.868,1585970
2025-02,C005,QUESO PARMESANO,86.275,4083950
2025-02,C005,QUESOS ANALOGOS,320.956,8193620
2025-02,C005,QUESOS FRESCOS,245.13,7564430
2025-02,C006,CARNES FRIAS,94.912,2783120
2025-02,C006,CARNES MADURADAS,10.922,969760
2025-02,C006,QUESO PARMESANO,91.729,4289950
2025-02,C006,QUESOS ANALOGOS,228.294,5618870
2025-02,C006,QUESOS FRESCOS,143.547,4528970
2025-02,C007,CARNES FRIAS,720.285,20575420
2025-02,C007,CARNES MADURADAS,199.182,17468950
2025-02,C007,QUESOS ANALOGOS,511.192,9889070
2025-02,C007,QUESOS FRESCOS,404.625,11255610
2025-02,C007,QUESOS MADURADOS,331.538,19835610
2025-02,C008,CARNES FRIAS,568.922,16033450
2025-02,C008,CARNES MADURADAS,148.474,13121210
2025-02,C008,QUESOS ANALOGOS,441.604,8446590
2025-02,C008,QUESOS FRESCOS,295.066,7987170
2025-02,C008,QUESOS MADURADOS,246.875,14928410
2025-02,C009,CARNES FRIAS,460.284,13047280
2025-02,C009,CARNES MADURADAS,152.32,13447960
2025-02,C009,QUESOS ANALOGOS,382.381,7478420
2025-02,C009,QUESOS FRESCOS,292.783,8175600
2025-02,C009,QUESOS MADURADOS,261.631,15718860
2025-02,C012,CARNES MADURADAS,12.209,1194060
2025-02,C012,QUESOS MADURADOS,45.452,3515340
2025-02,C013,CARNES MADURADAS,9.613,944720
2025-02,C013,QUESOS MADURADOS,40.118,3111350
2025-02,C015,CARNES FRIAS,15.783,484950
2025-02,C015,CARNES MADURADAS,3.975,377260
2025-02,C015,QUESO PARMESANO,14.509,731740
2025-02,C015,QUESOS ANALOGOS,9.908,287870
2025-02,C015,QUESOS FRESCOS,26.563,889010
2025-03,C017,CARNES FRIAS,8.204,253010
2025-03,C017,CARNES MADURADAS,3.624,359630
2025-03,C017,QUESO PARMESANO,9.224,459890
2025-03,C017,QUESOS ANALOGOS,3.521,102990
2025-03,C017,QUESOS FRESCOS,12.412,430560
2025-03,C017,QUESOS MADURADOS,2.324,185880
2025-03,C010,CARNES MADURADAS,9.061,801750
2025-03,C010,QUESOS MADURADOS,114.025,7319720
2025-03,C011,CARNES MADURADAS,7.046,622480
2025-03,C011,QUESOS MADURADOS,100.588,6609070
2025-03,C016,CARNES FRIAS,62.716,1895060
2025-03,C016,CARNES MADURADAS,43.481,4086860
2025-03,C016,QUESO PARMESANO,53.688,2651250
2025-03,C016,QUESOS ANALOGOS,80.766,1960440
2025-03,C016,QUESOS FRESCOS,97.319,3142830
2025-03,C016,QUESOS MADURADOS,111.453,8233080
2025-03,C001,CARNES FRIAS,122.002,3738460
2025-03,C001,CARNES MADURADAS,67.404,6382290
2025-03,C001,QUESO PARMESANO,70.971,3508160
2025-03,C001,QUESOS ANALOGOS,132.917,3254600
2025-03,C001,QUESOS FRESCOS,242.894,7790270
2025-03,C001,QUESOS MADURADOS,319.836,23737500
2025-03,C003,CARNES FRIAS,75.338,2293010
2025-03,C003,CARNES MADURADAS,39.141,3613040
2025-03,C003,QUESO PARMESANO,60.797,3012240
2025-03,C003,QUESOS ANALOGOS,116.035,2751960
2025-03,C003,QUESOS FRESCOS,119.883,3877680
2025-03,C003,QUESOS MADURADOS,155.585,11439220
2025-03,C014,CARNES FRIAS,75.296,2271050
2025-03,C014,CARNES MADURADAS,42.479,3984610
2025-03,C014,QUESO PARMESANO,61.969,3026460
2025-03,C014,QUESOS ANALOGOS,115.503,2818980
2025-03,C014,QUESOS FRESCOS,146.671,4679470
2025-03,C014,QUESOS MADURADOS,215.184,15950090
2025-03,C002,CARNES FRIAS,71.69,2148410
2025-03,C002,CARNES MADURADAS,51.97,4864730
2025-03,C002,QUESO PARMESANO,68.552,3390520
2025-03,C002,QUESOS ANALOGOS,128.864,3071780
2025-03,C002,QUESOS FRESCOS,149.358,4819780
2025-03,C002,QUESOS MADURADOS,140.443,10361810
2025-03,C018,CARNES FRIAS,126.465,3659730
2025-03,C018,CARNES MADURADAS,17.971,1608260
2025-03,C018,QUESO PARMESANO,84.637,3957980
2025-03,C018,QUESOS ANALOGOS,273.051,6690940
2025-03,C018,QUESOS FRESCOS,206.979,6399130
2025-03,C004,CARNES FRIAS,157.86,4585230
2025-03,C004,CARNES MADURADAS,28.384,2506710
2025-03,C004,QUESO PARMESANO,147.621,6972540
2025-03,C004,QUESOS ANALOGOS,397.061,9581020
2025-03,C004,QUESOS FRESCOS,367.913,11537880
2025-03,C005,CARNES FRIAS,132.253,3821260
2025-03,C005,CARNES MADURADAS,15.218,1361280
2025-03,C005,QUESO PARMESANO,95.757,4492950
2025-03,C005,QUESOS ANALOGOS,342.717,8509340
2025-03,C005,QUESOS FRESCOS,240.556,7413880
2025-03,C006,CARNES FRIAS,81.87,2380610
2025-03,C006,CARNES MADURADAS,10.594,940920
2025-03,C006,QUESO PARMESANO,74.758,3555670
2025-03,C006,QUESOS ANALOGOS,201.468,5107260
2025-03,C006,QUESOS FRESCOS,171.929,5397940
2025-03,C007,CARNES FRIAS,725.881,20863870
2025-03,C007,CARNES MADURADAS,215.195,19007960
2025-03,C007,QUESOS ANALOGOS,501.042,9749710
2025-03,C007,QUESOS FRESCOS,451.357,12514440
2025-03,C007,QUESOS MADURADOS,339.538,20258770
2025-03,C008,CARNES FRIAS,490.122,13795380
2025-03,C008,CARNES MADURADAS,165.545,14529300
2025-03,C008,QUESOS ANALOGOS,449.296,8449010
2025-03,C008,QUESOS FRESCOS,376.027,10610930
2025-03,C008,QUESOS MADURADOS,265.15,15880310
2025-03,C009,CARNES FRIAS,495.259,14021030
2025-03,C009,CARNES MADURADAS,153.985,13493460
2025-03,C009,QUESOS ANALOGOS,326.589,6455300
2025-03,C009,QUESOS FRESCOS,313.709,8831350
2025-03,C009,QUESOS MADURADOS,238.186,14429450
2025-03,C012,CARNES MADURADAS,12.602,1236210
2025-03,C012,QUESOS MADURADOS,52.559,4037490
2025-03,C013,CARNES MADURADAS,10.047,973710
2025-03,C013,QUESOS MADURADOS,37.832,2916930
2025-03,C015,CARNES FRIAS,19.448,598310
2025-03,C015,CARNES MADURADAS,4.304,409370
2025-03,C015,QUESO PARMESANO,14.415,723930
2025-03,C015,QUESOS ANALOGOS,9.23,269690
2025-03,C015,QUESOS FRESCOS,23.066,782310
2025-04,C017,CARNES FRIAS,5.308,164830
2025-04,C017,CARNES MADURADAS,3.163,310860
2025-04,C017,QUESO PARMESANO,4.442,223130
2025-04,C017,QUESOS ANALOGOS,3.752,109590
2025-04,C017,QUESOS FRESCOS,10.434,349450
2025-04,C017,QUESOS MADURADOS,1.874,150950
2025-04,C010,CARNES MADURADAS,10.159,895590
2025-04,C010,QUESOS MADURADOS,126.069,8106190
2025-04,C011,CARNES MADURADAS,7.13,633610
2025-04,C011,QUESOS MADURADOS,100.595,6536200
2025-04,C016,CARNES FRIAS,63.815,1938610
2025-04,C016,CARNES MADURADAS,33.221,3109790
2025-04,C016,QUESO PARMESANO,45.295,2252700
2025-04,C016,QUESOS ANALOGOS,91.022,2242860
2025-04,C016,QUESOS FRESCOS,93.744,2967130
2025-04,C016,QUESOS MADURADOS,103.965,7659250
2025-04,C001,CARNES FRIAS,83.436,2508490
2025-04,C001,CARNES MADURADAS,61.635,5813400
2025-04,C001,QUESO PARMESANO,102.741,5058610
2025-04,C001,QUESOS ANALOGOS,141.93,3538910
2025-04,C001,QUESOS FRESCOS,169.882,5514330
2025-04,C001,QUESOS MADURADOS,276.196,20463040
2025-04,C003,CARNES FRIAS,65.765,2001700
2025-04,C003,CARNES MADURADAS,47.181,4414150
2025-04,C003,QUESO PARMESANO,73.201,3628600
2025-04,C003,QUESOS ANALOGOS,87.724,2169280
2025-04,C003,QUESOS FRESCOS,98.767,3247230
2025-04,C003,QUESOS MADURADOS,112.379,8238850
2025-04,C014,CARNES FRIAS,80.115,2435940
2025-04,C014,CARNES MADURADAS,44.303,4206340
2025-04,C014,QUESO PARMESANO,42.227,2071280
2025-04,C014,QUESOS ANALOGOS,75.81,1857320
2025-04,C014,QUESOS FRESCOS,155.653,5049010
2025-04,C014,QUESOS MADURADOS,207.912,15435350
2025-04,C002,CARNES FRIAS,73.218,2237420
2025-04,C002,CARNES MADURADAS,41.533,3955960
2025-04,C002,QUESO PARMESANO,54.997,2747260
2025-04,C002,QUESOS ANALOGOS,86.002,2053770
2025-04,C002,QUESOS FRESCOS,125.124,4019350
2025-04,C002,QUESOS MADURADOS,134.846,9919880
2025-04,C018,CARNES FRIAS,132.648,3873370
2025-04,C018,CARNES MADURADAS,16.726,1491450
2025-04,C018,QUESO PARMESANO,99.584,4678550
2025-04,C018,QUESOS ANALOGOS,375.538,9299440
2025-04,C018,QUESOS FRESCOS,248.936,7813810
2025-04,C004,CARNES FRIAS,156.409,4541150
2025-04,C004,CARNES MADURADAS,28.454,2528180
2025-04,C004,QUESO PARMESANO,132.971,6322270
2025-04,C004,QUESOS ANALOGOS,543.256,13657750
2025-04,C004,QUESOS FRESCOS,329.825,10323650
2025-04,C005,CARNES FRIAS,129.105,3796210
2025-04,C005,CARNES MADURADAS,25.847,2283950
2025-04,C005,QUESO PARMESANO,104.959,4974390
2025-04,C005,QUESOS ANALOGOS,392.073,9777650
2025-04,C005,QUESOS FRESCOS,250.588,7803300
2025-04,C006,CARNES FRIAS,101.318,2967590
2025-04,C006,CARNES MADURADAS,11.64,1042720
2025-04,C006,QUESO PARMESANO,84.514,4001410
2025-04,C006,QUESOS ANALOGOS,246.741,6207400
2025-04,C006,QUESOS FRESCOS,200.514,6199070
2025-04,C007,CARNES FRIAS,929.54,26849220
2025-04,C007,CARNES MADURADAS,315.892,27918260
2025-04,C007,QUESOS ANALOGOS,812.545,15524350
2025-04,C007,QUESOS FRESCOS,637.233,17500890
2025-04,C007,QUESOS MADURADOS,518.63,31254380
2025-04,C008,CARNES FRIAS,820.383,23277280
2025-04,C008,CARNES MADURADAS,253.7,22203420
2025-04,C008,QUESOS ANALOGOS,656.071,12555960
2025-04,C008,QUESOS FRESCOS,506.408,14218020
2025-04,C008,QUESOS MADURADOS,438.093,26070620
2025-04,C009,CARNES FRIAS,768.678,21645770
2025-04,C009,CARNES MADURADAS,223.092,19712910
2025-04,C009,QUESOS ANALOGOS,589.395,11332920
2025-04,C009,QUESOS FRESCOS,440.973,12352680
2025-04,C009,QUESOS MADURADOS,378.522,22600650
2025-04,C012,CARNES MADURADAS,15.123,1473320
2025-04,C012,QUESOS MADURADOS,56.685,4384650
2025-04,C013,CARNES MADURADAS,11.704,1147410
2025-04,C013,QUESOS MADURADOS,53.233,4099580
2025-04,C015,CARNES FRIAS,21.554,661670
2025-04,C015,CARNES MADURADAS,5.363,509310
2025-04,C015,QUESO PARMESANO,15.16,761010
2025-04,C015,QUESOS ANALOGOS,10.124,295200
2025-04,C015,QUESOS FRESCOS,25.321,848870
2025-05,C017,CARNES FRIAS,7.955,246870
2025-05,C017,CARNES MADURADAS,4.004,396260
2025-05,C017,QUESO PARMESANO,5.867,290970
2025-05,C017,QUESOS ANALOGOS,3.621,106540
2025-05,C017,QUESOS FRESCOS,9.254,315060
2025-05,C017,QUESOS MADURADOS,2.237,179530
2025-05,C010,CARNES MADURADAS,8.661,765370
2025-05,C010,QUESOS MADURADOS,135.256,8781160
2025-05,C011,CARNES MADURADAS,7.852,695070
2025-05,C011,QUESOS MADURADOS,107.245,6825490
2025-05,C016,CARNES FRIAS,58.599,1770080
2025-05,C016,CARNES MADURADAS,39.939,3761640
2025-05,C016,QUESO PARMESANO,45.924,2264200
2025-05,C016,QUESOS ANALOGOS,78.809,2000930
2025-05,C016,QUESOS FRESCOS,104.729,3360650
2025-05,C016,QUESOS MADURADOS,124.238,9163070
2025-05,C001,CARNES FRIAS,116.557,3529780
2025-05,C001,CARNES MADURADAS,63.413,5941870
2025-05,C001,QUESO PARMESANO,100.69,4950820
2025-05,C001,QUESOS ANALOGOS,163.96,3947210
2025-05,C001,QUESOS FRESCOS,248.08,7946360
2025-05,C001,QUESOS MADURADOS,317.449,23505280
2025-05,C003,CARNES FRIAS,84.883,2596150
2025-05,C003,CARNES MADURADAS,37.008,3498120
2025-05,C003,QUESO PARMESANO,68.792,3374630
2025-05,C003,QUESOS ANALOGOS,109.102,2634220
2025-05,C003,QUESOS FRESCOS,116.303,3825340
2025-05,C003,QUESOS MADURADOS,147.901,10810800
2025-05,C014,CARNES FRIAS,73.237,2219210
2025-05,C014,CARNES MADURADAS,43.979,4126320
2025-05,C014,QUESO PARMESANO,62.712,3091090
2025-05,C014,QUESOS ANALOGOS,117.416,2786260
2025-05,C014,QUESOS FRESCOS,150.549,4907730
2025-05,C014,QUESOS MADURADOS,203.988,15117480
2025-05,C002,CARNES FRIAS,64.155,1949920
2025-05,C002,CARNES MADURADAS,47.2,4444100
2025-05,C002,QUESO PARMESANO,56.208,2781470
2025-05,C002,QUESOS ANALOGOS,101.892,2499660
2025-05,C002,QUESOS FRESCOS,162.057,5287340
2025-05,C002,QUESOS MADURADOS,147.425,10900490
2025-05,C018,CARNES FRIAS,131.547,3807270
2025-05,C018,CARNES MADURADAS,20.053,1785880
2025-05,C018,QUESO PARMESANO,122.54,5759190
2025-05,C018,QUESOS ANALOGOS,352.309,8798410
2025-05,C018,QUESOS FRESCOS,243.865,7578140
2025-05,C004,CARNES FRIAS,166.164,4881840
2025-05,C004,CARNES MADURADAS,24.553,2193280
2025-05,C004,QUESO PARMESANO,138.251,6562680
2025-05,C004,QUESOS ANALOGOS,501.245,12263360
2025-05,C004,QUESOS FRESCOS,368.974,11477740
2025-05,C005,CARNES FRIAS,126.682,3678820
2025-05,C005,CARNES MADURADAS,17.134,1522590
2025-05,C005,QUESO PARMESANO,122.961,5761130
2025-05,C005,QUESOS ANALOGOS,407.299,9859900
2025-05,C005,QUESOS FRESCOS,289.206,9146740
2025-05,C006,CARNES FRIAS,106.32,3091860
2025-05,C006,CARNES MADURADAS,11.938,1060500
2025-05,C006,QUESO PARMESANO,76.664,3636720
2025-05,C006,QUESOS ANALOGOS,264.83,6445730
2025-05,C006,QUESOS FRESCOS,207.693,6385430
2025-05,C007,CARNES FRIAS,616.25,17694260
2025-05,C007,CARNES MADURADAS,208.269,18301320
2025-05,C007,QUESOS ANALOGOS,589.969,11343510
2025-05,C007,QUESOS FRESCOS,485.583,13266110
2025-05,C007,QUESOS MADURADOS,324.747,19450570
2025-05,C008,CARNES FRIAS,442.318,12520450
2025-05,C008,CARNES MADURADAS,147.808,13202510
2025-05,C008,QUESOS ANALOGOS,384.522,7580120
2025-05,C008,QUESOS FRESCOS,390.756,10922350
2025-05,C008,QUESOS MADURADOS,279.735,16843210
2025-05,C009,CARNES FRIAS,485.906,13770590
2025-05,C009,CARNES MADURADAS,155.732,13882380
2025-05,C009,QUESOS ANALOGOS,399.493,7699150
2025-05,C009,QUESOS FRESCOS,358.553,9804090
2025-05,C009,QUESOS MADURADOS,241.437,14356210
2025-05,C012,CARNES MADURADAS,14.145,1383100
2025-05,C012,QUESOS MADURADOS,55.523,4288420
2025-05,C013,CARNES MADURADAS,11.15,1082600
2025-05,C013,QUESOS MADURADOS,39.4,3018270
2025-05,C015,CARNES FRIAS,19.926,619470
2025-05,C015,CARNES MADURADAS,3.861,371060
2025-05,C015,QUESO PARMESANO,14.171,708220
2025-05,C015,QUESOS ANALOGOS,12.575,364700
2025-05,C015,QUESOS FRESCOS,27.921,942680
2025-06,C017,CARNES FRIAS,10.052,307460
2025-06,C017,CARNES MADURADAS,4.706,459120
2025-06,C017,QUESO PARMESANO,5.265,263640
2025-06,C017,QUESOS ANALOGOS,3.663,107000
2025-06,C017,QUESOS FRESCOS,9.634,318140
2025-06,C017,QUESOS MADURADOS,1.596,127820
2025-06,C010,CARNES MADURADAS,9.207,797720
2025-06,C010,QUESOS MADURADOS,117.7,7618070
2025-06,C011,CARNES MADURADAS,7.591,665110
2025-06,C011,QUESOS MADURADOS,105.867,6873420
2025-06,C016,CARNES FRIAS,54.092,1643520
2025-06,C016,CARNES MADURADAS,39.791,3783730
2025-06,C016,QUESO PARMESANO,60.468,3001860
2025-06,C016,QUESOS ANALOGOS,92.46,2257020
2025-06,C016,QUESOS FRESCOS,121.734,3965850
2025-06,C016,QUESOS MADURADOS,128.262,9439560
2025-06,C001,CARNES FRIAS,127.525,3868130
2025-06,C001,CARNES MADURADAS,66.881,6318820
2025-06,C001,QUESO PARMESANO,102.914,5143490
2025-06,C001,QUESOS ANALOGOS,149.801,3552950
2025-06,C001,QUESOS FRESCOS,254.765,8127580
2025-06,C001,QUESOS MADURADOS,329.2,24341240
2025-06,C003,CARNES FRIAS,82.618,2515210
2025-06,C003,CARNES MADURADAS,51.715,4842230
2025-06,C003,QUESO PARMESANO,55.547,2766350
2025-06,C003,QUESOS ANALOGOS,120.421,2881290
2025-06,C003,QUESOS FRESCOS,122.768,4024850
2025-06,C003,QUESOS MADURADOS,147.614,10904410
2025-06,C014,CARNES FRIAS,93.382,2811460
2025-06,C014,CARNES MADURADAS,52.537,4954210
2025-06,C014,QUESO PARMESANO,66.402,3248060
2025-06,C014,QUESOS ANALOGOS,100.431,2476940
2025-06,C014,QUESOS FRESCOS,145.723,4634560
2025-06,C014,QUESOS MADURADOS,238.279,17692590
2025-06,C002,CARNES FRIAS,90.312,2771340
2025-06,C002,CARNES MADURADAS,52.83,4972380
2025-06,C002,QUESO PARMESANO,65.861,3242280
2025-06,C002,QUESOS ANALOGOS,129.476,3097840
2025-06,C002,QUESOS FRESCOS,165.533,5393790
2025-06,C002,QUESOS MADURADOS,160.236,11811100
2025-06,C018,CARNES FRIAS,101.47,2960680
2025-06,C018,CARNES MADURADAS,14.858,1310630
2025-06,C018,QUESO PARMESANO,70.291,3336770
2025-06,C018,QUESOS ANALOGOS,274.976,7014390
2025-06,C018,QUESOS FRESCOS,169.494,5294940
2025-06,C004,CARNES FRIAS,151.237,4409910
2025-06,C004,CARNES MADURADAS,22.267,1966750
2025-06,C004,QUESO PARMESANO,141.054,6554990
2025-06,C004,QUESOS ANALOGOS,399.023,9727630
2025-06,C004,QUESOS FRESCOS,299.202,9467500
2025-06,C005,CARNES FRIAS,107.253,3091880
2025-06,C005,CARNES MADURADAS,13.36,1174780
2025-06,C005,QUESO PARMESANO,102.715,4856100
2025-06,C005,QUESOS ANALOGOS,317.956,8151060
2025-06,C005,QUESOS FRESCOS,281.564,8716090
2025-06,C006,CARNES FRIAS,87.834,2573820
2025-06,C006,CARNES MADURADAS,14.835,1317810
2025-06,C006,QUESO PARMESANO,81.072,3822690
2025-06,C006,QUESOS ANALOGOS,240.242,6011650
2025-06,C006,QUESOS FRESCOS,202.792,6367030
2025-06,C007,CARNES FRIAS,638.567,18110250
2025-06,C007,CARNES MADURADAS,212.465,18793050
2025-06,C007,QUESOS ANALOGOS,518.331,9831620
2025-06,C007,QUESOS FRESCOS,499.426,14094710
2025-06,C007,QUESOS MADURADOS,334.211,20152960
2025-06,C008,CARNES FRIAS,517.659,14810450
2025-06,C008,CARNES MADURADAS,159.938,14060100
2025-06,C008,QUESOS ANALOGOS,434.622,8417540
2025-06,C008,QUESOS FRESCOS,380.455,10646400
2025-06,C008,QUESOS MADURADOS,278.994,16447960
2025-06,C009,CARNES FRIAS,488.011,13870130
2025-06,C009,CARNES MADURADAS,151.534,13441760
2025-06,C009,QUESOS ANALOGOS,400.606,7813260
2025-06,C009,QUESOS FRESCOS,355.864,9675250
2025-06,C009,QUESOS MADURADOS,245.684,14632290
2025-06,C012,CARNES MADURADAS,14.376,1420620
2025-06,C012,QUESOS MADURADOS,54.893,4219320
2025-06,C013,CARNES MADURADAS,10.692,1046220
2025-06,C013,QUESOS MADURADOS,44.431,3428960
2025-06,C015,CARNES FRIAS,18.12,557020
2025-06,C015,CARNES MADURADAS,5.603,530940
2025-06,C015,QUESO PARMESANO,13.59,682550
2025-06,C015,QUESOS ANALOGOS,9.553,277980
2025-06,C015,QUESOS FRESCOS,22.845,744870
2025-07,C017,CARNES FRIAS,8.436,258420
2025-07,C017,CARNES MADURADAS,4.544,446500
2025-07,C017,QUESO PARMESANO,6.161,306790
2025-07,C017,QUESOS ANALOGOS,3.752,109220
2025-07,C017,QUESOS FRESCOS,11.495,393900
2025-07,C017,QUESOS MADURADOS,1.553,125120
2025-07,C010,CARNES MADURADAS,9.4,828040
2025-07,C010,QUESOS MADURADOS,135.214,8723280
2025-07,C011,CARNES MADURADAS,7.001,627550
2025-07,C011,QUESOS MADURADOS,104.344,6673060
2025-07,C016,CARNES FRIAS,68.145,2058000
2025-07,C016,CARNES MADURADAS,41.385,3895660
2025-07,C016,QUESO PARMESANO,45.681,2290690
2025-07,C016,QUESOS ANALOGOS,96.148,2336640
2025-07,C016,QUESOS FRESCOS,97.112,3089680
2025-07,C016,QUESOS MADURADOS,101.839,7493430
2025-07,C001,CARNES FRIAS,123.175,3740420
2025-07,C001,CARNES MADURADAS,79.4,7532530
2025-07,C001,QUESO PARMESANO,83.669,4150140
2025-07,C001,QUESOS ANALOGOS,158.417,3745880
2025-07,C001,QUESOS FRESCOS,210.125,6799490
2025-07,C001,QUESOS MADURADOS,317.712,23620420
2025-07,C003,CARNES FRIAS,71.33,2150020
2025-07,C003,CARNES MADURADAS,45.435,4242660
2025-07,C003,QUESO PARMESANO,72.831,3575950
2025-07,C003,QUESOS ANALOGOS,71.689,1761580
2025-07,C003,QUESOS FRESCOS,123.567,3974450
2025-07,C003,QUESOS MADURADOS,156.142,11412450
2025-07,C014,CARNES FRIAS,74.564,2248650
2025-07,C014,CARNES MADURADAS,47.042,4451670
2025-07,C014,QUESO PARMESANO,60.239,2937680
2025-07,C014,QUESOS ANALOGOS,113.841,2762440
2025-07,C014,QUESOS FRESCOS,169.57,5498900
2025-07,C014,QUESOS MADURADOS,210.36,15585970
2025-07,C002,CARNES FRIAS,85.194,2579100
2025-07,C002,CARNES MADURADAS,50.863,4767100
2025-07,C002,QUESO PARMESANO,60.053,2980870
2025-07,C002,QUESOS ANALOGOS,131.692,3177000
2025-07,C002,QUESOS FRESCOS,170.402,5551110
2025-07,C002,QUESOS MADURADOS,169.073,12440290
2025-07,C018,CARNES FRIAS,152.809,4459170
2025-07,C018,CARNES MADURADAS,21.011,1855380
2025-07,C018,QUESO PARMESANO,96.343,4539610
2025-07,C018,QUESOS ANALOGOS,374.214,9176200
2025-07,C018,QUESOS FRESCOS,262.768,8309410
2025-07,C004,CARNES FRIAS,167.882,4867560
2025-07,C004,CARNES MADURADAS,22.563,2005250
2025-07,C004,QUESO PARMESANO,154.042,7284880
2025-07,C004,QUESOS ANALOGOS,569.385,14149640
2025-07,C004,QUESOS FRESCOS,374.447,11664660
2025-07,C005,CARNES FRIAS,132.037,3838650
2025-07,C005,CARNES MADURADAS,18.228,1626720
2025-07,C005,QUESO PARMESANO,122.845,5774120
2025-07,C005,QUESOS ANALOGOS,475.409,11767070
2025-07,C005,QUESOS FRESCOS,296.736,9183470
2025-07,C006,CARNES FRIAS,103.415,3004810
2025-07,C006,CARNES MADURADAS,12.352,1102110
2025-07,C006,QUESO PARMESANO,83.66,3979990
2025-07,C006,QUESOS ANALOGOS,273.904,6951730
2025-07,C006,QUESOS FRESCOS,227.993,6978040
2025-07,C007,CARNES FRIAS,700.244,20136150
2025-07,C007,CARNES MADURADAS,203.953,18068510
2025-07,C007,QUESOS ANALOGOS,600.265,11454320
2025-07,C007,QUESOS FRESCOS,441.916,12157930
2025-07,C007,QUESOS MADURADOS,339.741,19961220
2025-07,C008,CARNES FRIAS,512.926,14608880
2025-07,C008,CARNES MADURADAS,157.621,13773690
2025-07,C008,QUESOS ANALOGOS,402.819,7696480
2025-07,C008,QUESOS FRESCOS,410.272,11046050
2025-07,C008,QUESOS MADURADOS,295.734,17724430
2025-07,C009,CARNES FRIAS,482.294,13786120
2025-07,C009,CARNES MADURADAS,150.975,13455600
2025-07,C009,QUESOS ANALOGOS,424.902,8274390
2025-07,C009,QUESOS FRESCOS,304.907,8478620
2025-07,C009,QUESOS MADURADOS,258.879,15650250
2025-07,C012,CARNES MADURADAS,18.932,1864840
2025-07,C012,QUESOS MADURADOS,71.792,5548970
2025-07,C013,CARNES MADURADAS,11.782,1164380
2025-07,C013,QUESOS MADURADOS,50.806,3931340
2025-07,C015,CARNES FRIAS,21.849,673590
2025-07,C015,CARNES MADURADAS,6.229,596650
2025-07,C015,QUESO PARMESANO,14.61,732450
2025-07,C015,QUESOS ANALOGOS,9.654,276690
2025-07,C015,QUESOS FRESCOS,28.853,943060
2025-08,C017,CARNES FRIAS,10.734,329880
2025-08,C017,CARNES MADURADAS,3.906,383540
2025-08,C017,QUESO PARMESANO,8.38,423740
2025-08,C017,QUESOS ANALOGOS,2.546,74890
2025-08,C017,QUESOS FRESCOS,12.863,440750
2025-08,C017,QUESOS MADURADOS,1.596,128730
2025-08,C010,CARNES MADURADAS,7.897,709410
2025-08,C010,QUESOS MADURADOS,138.899,8942740
2025-08,C011,CARNES MADURADAS,7.41,666700
2025-08,C011,QUESOS MADURADOS,114.622,7380110
2025-08,C016,CARNES FRIAS,67.723,2057220
2025-08,C016,CARNES MADURADAS,36.064,3375130
2025-08,C016,QUESO PARMESANO,49.269,2408180
2025-08,C016,QUESOS ANALOGOS,59.237,1449290
2025-08,C016,QUESOS FRESCOS,96.85,3204450
2025-08,C016,QUESOS MADURADOS,123.255,9060160
2025-08,C001,CARNES FRIAS,104.197,3131950
2025-08,C001,CARNES MADURADAS,57.861,5403610
2025-08,C001,QUESO PARMESANO,91.086,4395580
2025-08,C001,QUESOS ANALOGOS,158.128,3850780
2025-08,C001,QUESOS FRESCOS,281.746,8871350
2025-08,C001,QUESOS MADURADOS,319.802,23750520
2025-08,C003,CARNES FRIAS,69.456,2123530
2025-08,C003,CARNES MADURADAS,41.425,3904220
2025-08,C003,QUESO PARMESANO,58.866,2873110
2025-08,C003,QUESOS ANALOGOS,108.956,2631820
2025-08,C003,QUESOS FRESCOS,110.076,3641490
2025-08,C003,QUESOS MADURADOS,125.303,9264550
2025-08,C014,CARNES FRIAS,60.511,1826980
2025-08,C014,CARNES MADURADAS,45.953,4362660
2025-08,C014,QUESO PARMESANO,66.62,3288110
2025-08,C014,QUESOS ANALOGOS,84.08,2018720
2025-08,C014,QUESOS FRESCOS,133.161,4271920
2025-08,C014,QUESOS MADURADOS,200.27,14863370
2025-08,C002,CARNES FRIAS,77.203,2400010
2025-08,C002,CARNES MADURADAS,49.966,4768590
2025-08,C002,QUESO PARMESANO,48.284,2395350
2025-08,C002,QUESOS ANALOGOS,108.336,2532090
2025-08,C002,QUESOS FRESCOS,128.218,4224460
2025-08,C002,QUESOS MADURADOS,116.43,8574960
2025-08,C018,CARNES FRIAS,120.428,3478370
2025-08,C018,CARNES MADURADAS,21.18,1890390
2025-08,C018,QUESO PARMESANO,125.604,5886120
2025-08,C018,QUESOS ANALOGOS,367.079,9245890
2025-08,C018,QUESOS FRESCOS,291.414,9054490
2025-08,C004,CARNES FRIAS,204.04,5949550
2025-08,C004,CARNES MADURADAS,36.135,3204540
2025-08,C004,QUESO PARMESANO,157.112,7443060
2025-08,C004,QUESOS ANALOGOS,525.515,12910700
2025-08,C004,QUESOS FRESCOS,407.752,12898440
2025-08,C005,CARNES FRIAS,176.992,5177710
2025-08,C005,CARNES MADURADAS,21.867,1950360
2025-08,C005,QUESO PARMESANO,116.616,5533190
2025-08,C005,QUESOS ANALOGOS,419.262,10540370
2025-08,C005,QUESOS FRESCOS,307.107,9614410
2025-08,C006,CARNES FRIAS,105.173,3088470
2025-08,C006,CARNES MADURADAS,11.547,1032090
2025-08,C006,QUESO PARMESANO,82.043,3874030
2025-08,C006,QUESOS ANALOGOS,260.237,6464100
2025-08,C006,QUESOS FRESCOS,225.158,6992540
2025-08,C007,CARNES FRIAS,691.013,19608480
2025-08,C007,CARNES MADURADAS,229.89,20256690
2025-08,C007,QUESOS ANALOGOS,510.705,9790430
2025-08,C007,QUESOS FRESCOS,442.36,11887180
2025-08,C007,QUESOS MADURADOS,379.182,22636540
2025-08,C008,CARNES FRIAS,499.025,14222640
2025-08,C008,CARNES MADURADAS,165.259,14594690
2025-08,C008,QUESOS ANALOGOS,453.033,8711090
2025-08,C008,QUESOS FRESCOS,355.851,9905840
2025-08,C008,QUESOS MADURADOS,283.707,17164490
2025-08,C009,CARNES FRIAS,480.18,13842180
2025-08,C009,CARNES MADURADAS,158.91,14086520
2025-08,C009,QUESOS ANALOGOS,403.398,7779780
2025-08,C009,QUESOS FRESCOS,362.632,9862490
2025-08,C009,QUESOS MADURADOS,277.147,16746030
2025-08,C012,CARNES MADURADAS,14.993,1476470
2025-08,C012,QUESOS MADURADOS,53.568,4136790
2025-08,C013,CARNES MADURADAS,13.034,1298020
2025-08,C013,QUESOS MADURADOS,43.462,3353150
2025-08,C015,CARNES FRIAS,13.977,430190
2025-08,C015,CARNES MADURADAS,5.374,504450
2025-08,C015,QUESO PARMESANO,11.974,604700
2025-08,C015,QUESOS ANALOGOS,10.909,313900
2025-08,C015,QUESOS FRESCOS,24.35,808630
2025-09,C017,CARNES FRIAS,8.285,254840
2025-09,C017,CARNES MADURADAS,4.441,438770
2025-09,C017,QUESO PARMESANO,7.298,361190
2025-09,C017,QUESOS ANALOGOS,4.427,129460
2025-09,C017,QUESOS FRESCOS,13.564,466400
2025-09,C017,QUESOS MADURADOS,2.709,215560
2025-09,C010,CARNES MADURADAS,21.245,1874970
2025-09,C010,QUESOS MADURADOS,286.992,18727800
2025-09,C011,CARNES MADURADAS,14.814,1334750
2025-09,C011,QUESOS MADURADOS,220.22,14303820
2025-09,C016,CARNES FRIAS,58.782,1769870
2025-09,C016,CARNES MADURADAS,41.579,3933780
2025-09,C016,QUESO PARMESANO,60.668,3006450
2025-09,C016,QUESOS ANALOGOS,113.266,2738310
2025-09,C016,QUESOS FRESCOS,116.751,3790900
2025-09,C016,QUESOS MADURADOS,131.342,9631480
2025-09,C001,CARNES FRIAS,100.941,3051560
2025-09,C001,CARNES MADURADAS,77.783,7311890
2025-09,C001,QUESO PARMESANO,106.595,5236960
2025-09,C001,QUESOS ANALOGOS,135.393,3354820
2025-09,C001,QUESOS FRESCOS,139.65,4632790
2025-09,C001,QUESOS MADURADOS,342.571,25319950
2025-09,C003,CARNES FRIAS,83.639,2525930
2025-09,C003,CARNES MADURADAS,49.069,4591710
2025-09,C003,QUESO PARMESANO,58.709,2898280
2025-09,C003,QUESOS ANALOGOS,99.917,2392010
2025-09,C003,QUESOS FRESCOS,101.404,3268210
2025-09,C003,QUESOS MADURADOS,152.181,11178230
2025-09,C014,CARNES FRIAS,98.167,2991810
2025-09,C014,CARNES MADURADAS,55.744,5286430
2025-09,C014,QUESO PARMESANO,69.812,3429100
2025-09,C014,QUESOS ANALOGOS,129.905,3101910
2025-09,C014,QUESOS FRESCOS,137.93,4498960
2025-09,C014,QUESOS MADURADOS,252.211,18705410
2025-09,C002,CARNES FRIAS,77.592,2354860
2025-09,C002,CARNES MADURADAS,51.823,4841730
2025-09,C002,QUESO PARMESANO,76.505,3754320
2025-09,C002,QUESOS ANALOGOS,102.26,2530870
2025-09,C002,QUESOS FRESCOS,167.403,5406300
2025-09,C002,QUESOS MADURADOS,169.909,12503350
2025-09,C018,CARNES FRIAS,144.353,4178550
2025-09,C018,CARNES MADURADAS,18.163,1611340
2025-09,C018,QUESO PARMESANO,99.804,4691680
2025-09,C018,QUESOS ANALOGOS,383.233,9499400
2025-09,C018,QUESOS FRESCOS,211.934,6618880
2025-09,C004,CARNES FRIAS,167.77,4865800
2025-09,C004,CARNES MADURADAS,24.235,2163060
2025-09,C004,QUESO PARMESANO,142.489,6733350
2025-09,C004,QUESOS ANALOGOS,487.815,11990300
2025-09,C004,QUESOS FRESCOS,388.423,12305910
2025-09,C005,CARNES FRIAS,125.075,3637880
2025-09,C005,CARNES MADURADAS,21.939,1951010
2025-09,C005,QUESO PARMESANO,114.832,5416420
2025-09,C005,QUESOS ANALOGOS,466.852,11292500
2025-09,C005,QUESOS FRESCOS,262.384,8090550
2025-09,C006,CARNES FRIAS,109.391,3186930
2025-09,C006,CARNES MADURADAS,17.394,1536550
2025-09,C006,QUESO PARMESANO,83.877,3980130
2025-09,C006,QUESOS ANALOGOS,243.606,6146940
2025-09,C006,QUESOS FRESCOS,180.273,5637030
2025-09,C007,CARNES FRIAS,929.164,26695360
2025-09,C007,CARNES MADURADAS,331.284,29504040
2025-09,C007,QUESOS ANALOGOS,822.541,15816960
2025-09,C007,QUESOS FRESCOS,673.63,18720020
2025-09,C007,QUESOS MADURADOS,536.719,31774290
2025-09,C008,CARNES FRIAS,793.986,22558770
2025-09,C008,CARNES MADURADAS,258.375,22634350
2025-09,C008,QUESOS ANALOGOS,661.985,12647430
2025-09,C008,QUESOS FRESCOS,424.163,11842850
2025-09,C008,QUESOS MADURADOS,426.789,25230040
2025-09,C009,CARNES FRIAS,709.517,20289550
2025-09,C009,CARNES MADURADAS,256.687,22946560
2025-09,C009,QUESOS ANALOGOS,557.542,10896500
2025-09,C009,QUESOS FRESCOS,504.261,13890920
2025-09,C009,QUESOS MADURADOS,413.623,24487570
2025-09,C012,CARNES MADURADAS,12.684,1244760
2025-09,C012,QUESOS MADURADOS,50.027,3900860
2025-09,C013,CARNES MADURADAS,12.231,1189470
2025-09,C013,QUESOS MADURADOS,43.681,3355590
2025-09,C015,CARNES FRIAS,21.183,652470
2025-09,C015,CARNES MADURADAS,5.66,538810
2025-09,C015,QUESO PARMESANO,12.73,623910
2025-09,C015,QUESOS ANALOGOS,6.832,197290
2025-09,C015,QUESOS FRESCOS,20.223,689810
2025-10,C017,CARNES FRIAS,10.307,320430
2025-10,C017,CARNES MADURADAS,4.238,416010
2025-10,C017,QUESO PARMESANO,9.56,480720
2025-10,C017,QUESOS ANALOGOS,2.025,59090
2025-10,C017,QUESOS FRESCOS,12.862,434780
2025-10,C017,QUESOS MADURADOS,3.891,277240
2025-10,C010,CARNES MADURADAS,10.253,920020
2025-10,C010,QUESOS MADURADOS,138.4,8910110
2025-10,C011,CARNES MADURADAS,7.742,682860
2025-10,C011,QUESOS MADURADOS,113.058,7242450
2025-10,C016,CARNES FRIAS,58.38,1755190
2025-10,C016,CARNES MADURADAS,48.136,4501460
2025-10,C016,QUESO PARMESANO,48.1,2391860
2025-10,C016,QUESOS ANALOGOS,98.995,2433210
2025-10,C016,QUESOS FRESCOS,116.865,3778010
2025-10,C016,QUESOS MADURADOS,147.999,10791600
2025-10,C001,CARNES FRIAS,130.497,3958690
2025-10,C001,CARNES MADURADAS,70.598,6629940
2025-10,C001,QUESO PARMESANO,104.931,5129150
2025-10,C001,QUESOS ANALOGOS,170.431,4080380
2025-10,C001,QUESOS FRESCOS,250.437,7983350
2025-10,C001,QUESOS MADURADOS,331.673,24498000
2025-10,C003,CARNES FRIAS,73.587,2234690
2025-10,C003,CARNES MADURADAS,54.253,5108880
2025-10,C003,QUESO PARMESANO,69.311,3396650
2025-10,C003,QUESOS ANALOGOS,88.618,2202830
2025-10,C003,QUESOS FRESCOS,120.1,3942140
2025-10,C003,QUESOS MADURADOS,169.291,12391260
2025-10,C014,CARNES FRIAS,53.421,1604570
2025-10,C014,CARNES MADURADAS,56.329,5307130
2025-10,C014,QUESO PARMESANO,67.759,3303200
2025-10,C014,QUESOS ANALOGOS,120.381,2884980
2025-10,C014,QUESOS FRESCOS,173.832,5668880
2025-10,C014,QUESOS MADURADOS,219.526,16262350
2025-10,C002,CARNES FRIAS,75.894,2330600
2025-10,C002,CARNES MADURADAS,56.79,5354780
2025-10,C002,QUESO PARMESANO,74.519,3656190
2025-10,C002,QUESOS ANALOGOS,126.985,3035700
2025-10,C002,QUESOS FRESCOS,161.797,5277370
2025-10,C002,QUESOS MADURADOS,159.03,11695130
2025-10,C018,CARNES FRIAS,142.463,4162550
2025-10,C018,CARNES MADURADAS,19.219,1697930
2025-10,C018,QUESO PARMESANO,104.122,4873390
2025-10,C018,QUESOS ANALOGOS,350.797,8815030
2025-10,C018,QUESOS FRESCOS,242.954,7562210
2025-10,C004,CARNES FRIAS,167.879,4910060
2025-10,C004,CARNES MADURADAS,31.726,2814300
2025-10,C004,QUESO PARMESANO,166.534,7893400
2025-10,C004,QUESOS ANALOGOS,537.123,13227520
2025-10,C004,QUESOS FRESCOS,408.466,12568510
2025-10,C005,CARNES FRIAS,141.297,4112390
2025-10,C005,CARNES MADURADAS,27.153,2380520
2025-10,C005,QUESO PARMESANO,129.074,5992190
2025-10,C005,QUESOS ANALOGOS,436.861,10883770
2025-10,C005,QUESOS FRESCOS,272.554,8559890
2025-10,C006,CARNES FRIAS,97.99,2870850
2025-10,C006,CARNES MADURADAS,11.889,1065350
2025-10,C006,QUESO PARMESANO,81.338,3816070
2025-10,C006,QUESOS ANALOGOS,303.025,7684520
2025-10,C006,QUESOS FRESCOS,217.681,6778100
2025-10,C007,CARNES FRIAS,639.648,17968250
2025-10,C007,CARNES MADURADAS,237.733,20928230
2025-10,C007,QUESOS ANALOGOS,587.054,11413770
2025-10,C007,QUESOS FRESCOS,409.879,11418090
2025-10,C007,QUESOS MADURADOS,388.479,23168920
2025-10,C008,CARNES FRIAS,603.914,17149090
2025-10,C008,CARNES MADURADAS,171.508,15320530
2025-10,C008,QUESOS ANALOGOS,443.98,8426590
2025-10,C008,QUESOS FRESCOS,309.232,8444090
2025-10,C008,QUESOS MADURADOS,262.092,15725940
2025-10,C009,CARNES FRIAS,494.066,13847420
2025-10,C009,CARNES MADURADAS,175.106,15520980
2025-10,C009,QUESOS ANALOGOS,347.911,6606070
2025-10,C009,QUESOS FRESCOS,333.137,9039700
2025-10,C009,QUESOS MADURADOS,284.063,17126740
2025-10,C012,CARNES MADURADAS,18.171,1744860
2025-10,C012,QUESOS MADURADOS,71.385,5476860
2025-10,C013,CARNES MADURADAS,11.98,1158020
2025-10,C013,QUESOS MADURADOS,52.768,4023260
2025-10,C015,CARNES FRIAS,20.29,631560
2025-10,C015,CARNES MADURADAS,5.246,499170
2025-10,C015,QUESO PARMESANO,17.374,863600
2025-10,C015,QUESOS ANALOGOS,10.593,306710
2025-10,C015,QUESOS FRESCOS,33.757,1119290
2025-11,C017,CARNES FRIAS,8.136,252470
2025-11,C017,CARNES MADURADAS,4.031,396300
2025-11,C017,QUESO PARMESANO,9.116,454890
2025-11,C017,QUESOS ANALOGOS,5.17,150790
2025-11,C017,QUESOS FRESCOS,13.614,453390
2025-11,C017,QUESOS MADURADOS,7.581,477950
2025-11,C010,CARNES MADURADAS,11.142,988680
2025-11,C010,QUESOS MADURADOS,156.219,10208350
2025-11,C011,CARNES MADURADAS,8.472,753380
2025-11,C011,QUESOS MADURADOS,120.198,7809480
2025-11,C016,CARNES FRIAS,60.382,1831780
2025-11,C016,CARNES MADURADAS,39.594,3770780
2025-11,C016,QUESO PARMESANO,56.104,2756190
2025-11,C016,QUESOS ANALOGOS,86.793,2061150
2025-11,C016,QUESOS FRESCOS,88.279,2809980
2025-11,C016,QUESOS MADURADOS,165.667,11007950
2025-11,C001,CARNES FRIAS,90.373,2750450
2025-11,C001,CARNES MADURADAS,92.63,8718270
2025-11,C001,QUESO PARMESANO,88.647,4425480
2025-11,C001,QUESOS ANALOGOS,162.599,3872610
2025-11,C001,QUESOS FRESCOS,238.77,7707300
2025-11,C001,QUESOS MADURADOS,454.184,31587860
2025-11,C003,CARNES FRIAS,82.184,2486090
2025-11,C003,CARNES MADURADAS,41.782,3935890
2025-11,C003,QUESO PARMESANO,66.663,3274880
2025-11,C003,QUESOS ANALOGOS,109.004,2555770
2025-11,C003,QUESOS FRESCOS,107.905,3459330
2025-11,C003,QUESOS MADURADOS,232.35,16001700
2025-11,C014,CARNES FRIAS,81.639,2448730
2025-11,C014,CARNES MADURADAS,53.548,4973840
2025-11,C014,QUESO PARMESANO,47.393,2321910
2025-11,C014,QUESOS ANALOGOS,85.069,2075090
2025-11,C014,QUESOS FRESCOS,149.109,4921520
2025-11,C014,QUESOS MADURADOS,324.341,22801220
2025-11,C002,CARNES FRIAS,88.836,2698700
2025-11,C002,CARNES MADURADAS,52.147,4862960
2025-11,C002,QUESO PARMESANO,64.375,3151590
2025-11,C002,QUESOS ANALOGOS,135.978,3250260
2025-11,C002,QUESOS FRESCOS,149.465,4817630
2025-11,C002,QUESOS MADURADOS,246.588,16722210
2025-11,C018,CARNES FRIAS,114.261,3315670
2025-11,C018,CARNES MADURADAS,23.699,2103960
2025-11,C018,QUESO PARMESANO,97.972,4635010
2025-11,C018,QUESOS ANALOGOS,315.026,7763650
2025-11,C018,QUESOS FRESCOS,228.019,7191520
2025-11,C004,CARNES FRIAS,177.507,5159100
2025-11,C004,CARNES MADURADAS,35.445,3135330
2025-11,C004,QUESO PARMESANO,146.423,6924210
2025-11,C004,QUESOS ANALOGOS,577.715,14298190
2025-11,C004,QUESOS FRESCOS,337.341,10414950
2025-11,C005,CARNES FRIAS,140.415,4123720
2025-11,C005,CARNES MADURADAS,21.773,1951020
2025-11,C005,QUESO PARMESANO,118.296,5551130
2025-11,C005,QUESOS ANALOGOS,354.241,8965070
2025-11,C005,QUESOS FRESCOS,287.294,8831720
2025-11,C006,CARNES FRIAS,104.194,3000780
2025-11,C006,CARNES MADURADAS,15.558,1382530
2025-11,C006,QUESO PARMESANO,85.447,4019710
2025-11,C006,QUESOS ANALOGOS,256.542,6376340
2025-11,C006,QUESOS FRESCOS,167.665,5275060
2025-11,C007,CARNES FRIAS,764.627,22048380
2025-11,C007,CARNES MADURADAS,223.091,19641960
2025-11,C007,QUESOS ANALOGOS,512.952,9637920
2025-11,C007,QUESOS FRESCOS,468.896,13118480
2025-11,C007,QUESOS MADURADOS,426.497,25857540
2025-11,C008,CARNES FRIAS,557.718,15985330
2025-11,C008,CARNES MADURADAS,188.92,16727420
2025-11,C008,QUESOS ANALOGOS,415.478,8101000
2025-11,C008,QUESOS FRESCOS,350.26,9882470
2025-11,C008,QUESOS MADURADOS,310.23,18441080
2025-11,C009,CARNES FRIAS,507.757,14320140
2025-11,C009,CARNES MADURADAS,181.564,16132670
2025-11,C009,QUESOS ANALOGOS,347.907,6663400
2025-11,C009,QUESOS FRESCOS,394.94,10867980
2025-11,C009,QUESOS MADURADOS,299.039,17990770
2025-11,C012,CARNES MADURADAS,13.412,1309330
2025-11,C012,QUESOS MADURADOS,82.156,5983210
2025-11,C013,CARNES MADURADAS,11.449,1116310
2025-11,C013,QUESOS MADURADOS,68.657,5072380
2025-11,C015,CARNES FRIAS,19.618,600550
2025-11,C015,CARNES MADURADAS,6.626,624950
2025-11,C015,QUESO PARMESANO,10.97,552660
2025-11,C015,QUESOS ANALOGOS,11.655,335730
2025-11,C015,QUESOS FRESCOS,28.582,956480
2025-12,C017,CARNES FRIAS,9.801,300650
2025-12,C017,CARNES MADURADAS,5.719,557290
2025-12,C017,QUESO PARMESANO,7.27,364540
2025-12,C017,QUESOS ANALOGOS,3.822,111450
2025-12,C017,QUESOS FRESCOS,12.202,410470
2025-12,C017,QUESOS MADURADOS,15.041,780970
2025-12,C016,CARNES FRIAS,76.118,2322480
2025-12,C016,CARNES MADURADAS,54.43,5074740
2025-12,C016,QUESO PARMESANO,62.888,3140690
2025-12,C016,QUESOS ANALOGOS,100.467,2438880
2025-12,C016,QUESOS FRESCOS,118.743,3892510
2025-12,C016,QUESOS MADURADOS,290.569,18622220
2025-12,C001,CARNES FRIAS,132.737,4034180
2025-12,C001,CARNES MADURADAS,83.92,7875140
2025-12,C001,QUESO PARMESANO,109.013,5365470
2025-12,C001,QUESOS ANALOGOS,187.265,4494130
2025-12,C001,QUESOS FRESCOS,221.268,7159600
2025-12,C001,QUESOS MADURADOS,694.601,46397390
2025-12,C003,CARNES FRIAS,57.415,1758600
2025-12,C003,CARNES MADURADAS,66.328,6224850
2025-12,C003,QUESO PARMESANO,57.387,2811990
2025-12,C003,QUESOS ANALOGOS,117.049,2839880
2025-12,C003,QUESOS FRESCOS,146.875,4772170
2025-12,C003,QUESOS MADURADOS,330.861,21467720
2025-12,C014,CARNES FRIAS,94.784,2881680
2025-12,C014,CARNES MADURADAS,69.532,6568800
2025-12,C014,QUESO PARMESANO,82.796,4040540
2025-12,C014,QUESOS ANALOGOS,123.857,2960410
2025-12,C014,QUESOS FRESCOS,183.462,5968910
2025-12,C014,QUESOS MADURADOS,428.796,28635380
2025-12,C002,CARNES FRIAS,92.5,2822670
2025-12,C002,CARNES MADURADAS,70.118,6579570
2025-12,C002,QUESO PARMESANO,75.236,3701560
2025-12,C002,QUESOS ANALOGOS,106.509,2630660
2025-12,C002,QUESOS FRESCOS,169.249,5534590
2025-12,C002,QUESOS MADURADOS,361.446,23199220
2025-12,C018,CARNES FRIAS,145.191,4217540
2025-12,C018,CARNES MADURADAS,21.734,1941360
2025-12,C018,QUESO PARMESANO,109.658,5141000
2025-12,C018,QUESOS ANALOGOS,402.877,10162320
2025-12,C018,QUESOS FRESCOS,291.055,9028820
2025-12,C004,CARNES FRIAS,174.982,5052810
2025-12,C004,CARNES MADURADAS,30.371,2725060
2025-12,C004,QUESO PARMESANO,161.636,7629090
2025-12,C004,QUESOS ANALOGOS,535.618,13180840
2025-12,C004,QUESOS FRESCOS,471.317,14906200
2025-12,C005,CARNES FRIAS,135.879,3945680
2025-12,C005,CARNES MADURADAS,30.103,2675760
2025-12,C005,QUESO PARMESANO,124.602,5911640
2025-12,C005,QUESOS ANALOGOS,494.637,12327280
2025-12,C005,QUESOS FRESCOS,352.273,10808070
2025-12,C006,CARNES FRIAS,126.224,3684240
2025-12,C006,CARNES MADURADAS,16.333,1457330
2025-12,C006,QUESO PARMESANO,88.039,4174850
2025-12,C006,QUESOS ANALOGOS,336.565,8358960
2025-12,C006,QUESOS FRESCOS,230.172,7159650
2025-12,C007,CARNES FRIAS,702.17,19978130
2025-12,C007,CARNES MADURADAS,261.258,22913630
2025-12,C007,QUESOS ANALOGOS,570.978,10710530
2025-12,C007,QUESOS FRESCOS,434.124,12114140
2025-12,C007,QUESOS MADURADOS,455.905,27286470
2025-12,C008,CARNES FRIAS,589.133,17084000
2025-12,C008,CARNES MADURADAS,198.047,17578830
2025-12,C008,QUESOS ANALOGOS,468.455,9262770
2025-12,C008,QUESOS FRESCOS,357.557,9838710
2025-12,C008,QUESOS MADURADOS,396.133,23812310
2025-12,C009,CARNES FRIAS,573.325,16069120
2025-12,C009,CARNES MADURADAS,190.453,16789290
2025-12,C009,QUESOS ANALOGOS,361.518,6920290
2025-12,C009,QUESOS FRESCOS,348.872,9685630
2025-12,C009,QUESOS MADURADOS,335.28,20126230
2025-12,C012,CARNES MADURADAS,28.035,2806110
2025-12,C012,QUESOS MADURADOS,131.088,9289590
2025-12,C013,CARNES MADURADAS,25.202,2487980
2025-12,C013,QUESOS MADURADOS,105.214,7462540
2025-12,C015,CARNES FRIAS,21.789,664960
2025-12,C015,CARNES MADURADAS,7.26,686830
2025-12,C015,QUESO PARMESANO,19.401,957190
2025-12,C015,QUESOS ANALOGOS,9.954,289650
2025-12,C015,QUESOS FRESCOS,29.926,994150
